City_ID,City,Lat,Lng,Max Temp,Humidity,Cloudiness,Wind Speed,Country,Date
0,puerto natales,-51.7236,-72.4875,46.87,88,96,5.86,CL,1709170108
1,saipan,15.1355,145.701,84.9,54,0,19.57,MP,1709170109
2,invercargill,-46.4,168.35,67.01,72,39,3.0,NZ,1709169811
3,port-aux-francais,-49.35,70.2167,48.04,97,100,31.72,TF,1709170109
4,nelson bay,-32.7167,152.15,94.08,69,19,8.01,AU,1709170109
5,mareeba,-17.0,145.4333,83.44,81,100,5.35,AU,1709170110
6,anadyr,64.75,177.4833,-7.01,69,0,11.18,RU,1709170110
7,utrik,11.2278,169.8474,79.7,75,100,16.42,MH,1709170110
8,thohoyandou,-22.9456,30.485,58.93,78,55,4.34,ZA,1709170111
9,longyearbyen,78.2186,15.6401,37.24,75,40,13.8,SJ,1709170111
10,bilibino,68.0546,166.4372,-6.59,87,7,2.75,RU,1709170111
11,callao,-12.0667,-77.15,80.73,73,40,14.97,PE,1709169839
12,jinchang,38.4953,102.1739,18.57,90,100,1.81,CN,1709170111
13,port mathurin,-19.6833,63.4167,77.81,70,100,8.59,MU,1709170112
14,blackmans bay,-43.0167,147.3167,71.73,76,100,9.13,AU,1709170112
15,college,64.8569,-147.8028,-0.8,53,20,1.01,US,1709170112
16,carolina beach,34.0352,-77.8936,67.06,83,81,1.99,US,1709170112
17,mont-dore,-22.2833,166.5833,87.78,67,85,11.5,NC,1709170113
18,codrington,-38.2667,141.9667,70.56,54,100,10.09,AU,1709170113
19,ribeira brava,32.65,-17.0667,63.23,74,48,8.5,PT,1709170113
20,madalena,41.2162,-8.3345,48.78,95,100,0.81,PT,1709170113
21,grytviken,-54.2811,-36.5092,41.05,87,16,10.85,GS,1709170115
22,bungu,-7.6337,39.0582,74.19,98,100,2.46,TZ,1709170115
23,waitangi,-43.9535,-176.5597,58.82,91,23,7.0,NZ,1709170115
24,susuman,62.7833,148.1667,-27.02,97,74,1.01,RU,1709170115
25,petropavlovsk-kamchatsky,53.0452,158.6483,21.79,78,100,15.66,RU,1709170116
26,qaqortoq,60.7167,-46.0333,7.45,74,9,20.87,GL,1709170116
27,cidreira,-30.1811,-50.2056,75.92,89,100,9.64,BR,1709170116
28,west island,-12.1568,96.8225,84.18,79,73,8.05,CC,1709170116
29,chonchi,-42.6128,-73.8092,56.41,93,22,2.8,CL,1709170117
30,edinburgh of the seven seas,-37.0676,-12.3116,61.54,78,100,23.49,SH,1709169923
31,baardheere,2.3446,42.2764,79.47,70,5,8.21,SO,1709170118
32,yellowknife,62.456,-114.3525,-3.59,79,75,15.01,CA,1709170118
33,adamstown,-25.066,-130.1015,79.95,69,100,0.92,PN,1709169950
34,klyuchi,52.2667,79.1667,10.11,95,28,10.78,RU,1709170119
35,joroinen,62.1782,27.8317,30.97,87,100,5.37,FI,1709170119
36,barcelos,41.5388,-8.6151,50.14,95,100,3.85,PT,1709170119
37,bonga,7.2833,36.2333,59.88,94,35,1.63,ET,1709170120
38,krupki,54.3178,29.1358,40.05,88,100,8.81,BY,1709170120
39,queenstown,-31.8976,26.8753,50.04,92,0,2.08,ZA,1709170120
40,phai sali,15.5976,100.6585,84.33,64,0,7.52,TH,1709170120
41,iqaluit,63.7506,-68.5145,-22.27,69,20,4.61,CA,1709169880
42,vilyuchinsk,52.9306,158.4028,23.27,90,100,6.29,RU,1709170121
43,itamaraca,-7.7478,-34.8256,80.65,87,90,4.59,BR,1709170121
44,porto novo,6.4965,2.6036,82.2,85,53,10.09,BJ,1709170121
45,fort bragg,35.139,-79.006,66.04,86,100,18.41,US,1709169955
46,mili,6.0815,171.735,82.9,77,29,20.6,MH,1709170122
47,pachino,36.7186,15.0907,53.38,79,7,11.14,IT,1709170122
48,olonkinbyen,70.9221,-8.7187,15.22,69,100,16.11,SJ,1709170122
49,boguchany,58.3814,97.4531,13.86,93,100,10.0,RU,1709170123
50,puerto san jose,13.9256,-90.8244,79.7,69,5,7.34,GT,1709170123
51,baruun-urt,46.6806,113.2792,-15.86,84,2,6.78,MN,1709170123
52,parambu,-6.2111,-40.6944,70.07,96,91,2.17,BR,1709170123
53,bhimunipatnam,17.8833,83.4333,76.26,68,93,2.06,IN,1709170123
54,aasiaat,68.7098,-52.8699,4.71,94,100,12.12,GL,1709170124
55,luwuk,-0.9516,122.7875,85.93,70,72,2.39,ID,1709170124
56,basco,20.4487,121.9702,76.93,74,0,18.3,PH,1709170124
57,avarua,-21.2078,-159.775,84.25,70,14,5.75,CK,1709170124
58,kabarnet,0.4919,35.743,55.96,87,98,3.89,KE,1709170124
59,waingapu,-9.6567,120.2641,84.56,73,92,3.67,ID,1709170125
60,ribeira grande,38.5167,-28.7,58.77,77,100,15.01,PT,1709170125
61,dadukou,26.5479,101.7054,55.49,58,15,1.83,CN,1709170125
62,jamestown,42.097,-79.2353,26.19,84,100,14.0,US,1709169953
63,vorgashor,67.5833,63.95,23.79,97,100,4.83,RU,1709170126
64,bethel,41.3712,-73.414,57.34,86,75,11.5,US,1709170126
65,sola,-13.8833,167.55,82.78,74,100,2.35,VU,1709170126
66,nabire,-3.3667,135.4833,81.09,81,100,0.98,ID,1709170126
67,hawaiian paradise park,19.5933,-154.9731,76.87,72,20,12.66,US,1709170127
68,alice springs,-23.7,133.8833,92.75,43,75,8.05,AU,1709170127
69,mahina,-17.5065,-149.489,85.77,74,40,4.61,PF,1709170127
70,keflavik,64.0049,-22.5624,28.83,69,0,3.44,IS,1709170127
71,kharkhorin,47.1975,102.8238,-7.8,82,2,5.77,MN,1709170128
72,ushuaia,-54.8,-68.3,51.46,66,75,2.3,AR,1709170128
73,solnechnyy,50.7214,136.6319,6.03,84,96,3.83,RU,1709170128
74,kill devil hills,36.0307,-75.676,66.22,75,0,28.77,US,1709170128
75,guadalupe y calvo,26.1,-106.9667,50.88,52,100,5.86,MX,1709170129
76,wailua homesteads,22.0669,-159.378,74.19,83,20,17.27,US,1709170129
77,mirny,62.5353,113.9611,-1.77,84,100,4.0,RU,1709170129
78,loralai,30.3705,68.598,47.98,76,100,3.96,PK,1709170129
79,rio grande,-32.035,-52.0986,72.95,92,100,8.14,BR,1709170130
80,lebu,-37.6167,-73.65,58.1,81,100,18.66,CL,1709170130
81,kousseri,12.0769,15.0306,82.36,26,6,5.75,CM,1709170130
82,stanley,54.868,-1.6985,48.79,88,40,8.05,GB,1709170130
83,polyarnyy,69.1989,33.4478,31.3,80,100,24.27,RU,1709170131
84,happy valley-goose bay,53.3168,-60.3315,44.91,81,75,14.97,CA,1709170131
85,northam,51.0333,-4.2167,51.39,98,100,17.22,GB,1709170131
86,machico,32.7,-16.7667,63.23,77,75,18.41,PT,1709170131
87,creston,41.0586,-94.3614,25.34,38,0,8.05,US,1709170132
88,port alfred,-33.5906,26.891,68.18,77,1,8.01,ZA,1709170132
89,hithadhoo,-0.6,73.0833,76.96,89,100,9.89,MV,1709170132
90,katsuura,35.1333,140.3,50.97,67,100,9.71,JP,1709170132
91,palopo,-2.9996,120.1921,84.11,74,79,1.92,ID,1709170132
92,lubang,13.8584,120.124,78.57,78,43,24.27,PH,1709170133
93,leava,-14.3,-178.1667,84.38,76,99,10.65,WF,1709170133
94,santa elena de uairen,4.6167,-61.1333,72.72,60,98,3.53,VE,1709170133
95,oodweyne,9.4092,45.064,70.09,61,85,3.74,SO,1709170134
96,ancud,-41.8697,-73.8203,54.16,84,0,6.08,CL,1709170134
97,walvis bay,-22.9575,14.5053,64.09,88,29,9.28,NA,1709170134
98,papatowai,-46.5619,169.4708,63.82,59,65,11.81,NZ,1709170134
99,luxor,25.6989,32.6421,62.42,41,0,4.97,EG,1709170135
100,st. john's,47.5649,-52.7093,41.9,86,100,1.01,CA,1709170134
101,badger,64.8,-147.5333,-0.87,62,20,0.0,US,1709170135
102,east ballina,-28.8667,153.5833,86.79,60,0,7.05,AU,1709170135
103,papao,-17.75,-149.55,85.68,75,13,6.33,PF,1709170136
104,lautoka,-17.6167,177.4667,89.46,70,75,13.8,FJ,1709170136
105,port elizabeth,-33.918,25.5701,68.29,81,0,18.41,ZA,1709170136
106,oroquieta,8.4858,123.8044,80.11,80,90,7.43,PH,1709170136
107,ziro,27.6333,93.8333,41.74,89,88,2.28,IN,1709170137
108,kone,-21.0595,164.8658,89.31,53,52,8.86,NC,1709170137
109,nova sintra,14.8667,-24.7167,68.74,82,6,9.17,CV,1709170137
110,gufeng,26.9083,118.9819,49.66,98,100,3.22,CN,1709170137
111,afaahiti,-17.75,-149.2833,84.07,76,38,4.79,PF,1709170137
112,port lincoln,-34.7333,135.8667,69.55,63,100,6.49,AU,1709170138
113,iron mountain,45.8202,-88.066,11.14,60,0,8.05,US,1709170138
114,al kharijah,25.4514,30.5464,60.89,39,0,7.72,EG,1709170138
115,tiksi,71.6872,128.8694,-1.25,85,100,15.28,RU,1709170138
116,ta`u,-14.2336,-169.5144,84.15,78,28,14.85,AS,1709170139
117,taunggyi,20.7833,97.0333,59.97,40,0,3.29,MM,1709169915
118,malvan,16.0667,73.4667,78.03,63,75,5.88,IN,1709170139
119,namibe,-15.1961,12.1522,77.54,70,100,7.23,AO,1709170139
120,faya-largeau,17.9257,19.1043,76.95,13,84,12.06,TD,1709170139
121,vila franca do campo,37.7167,-25.4333,59.41,85,10,7.52,PT,1709170140
122,paoua,7.2427,16.4406,79.43,31,35,1.77,CF,1709170140
123,remire-montjoly,4.9167,-52.2667,75.24,88,0,2.3,GF,1709170140
124,bredasdorp,-34.5322,20.0403,64.02,96,7,6.73,ZA,1709170140
125,warman,52.3168,-106.5679,1.31,70,40,18.41,CA,1709170140
126,ust'-kut,56.7938,105.7672,1.44,95,100,5.01,RU,1709170141
127,mar del plata,-38.0023,-57.5575,71.62,76,75,11.01,AR,1709170141
128,esfarayen,37.0765,57.5101,22.66,66,100,8.84,IR,1709170039
129,alta,69.9689,23.2717,33.06,74,20,12.66,NO,1709170141
130,nuuk,64.1835,-51.7216,12.81,73,75,11.5,GL,1709170142
131,shimoda,34.6667,138.95,52.16,60,100,4.85,JP,1709170142
132,arraial do cabo,-22.9661,-42.0278,80.56,83,75,5.75,BR,1709170142
133,ixtapa,20.7,-105.2,76.23,83,75,12.66,MX,1709170142
134,brisas de zicatela,15.8369,-97.0419,82.92,74,0,6.91,MX,1709170143
135,touros,-5.1989,-35.4608,80.35,82,100,7.25,BR,1709170143
136,dzuunharaa,48.8523,106.4579,-8.28,96,42,3.85,MN,1709170143
137,lubao,14.9167,120.55,84.27,64,100,12.03,PH,1709170144
138,ust-nera,64.5667,143.2,-18.85,95,55,3.38,RU,1709170145
139,salinas,36.6777,-121.6555,64.0,74,0,10.36,US,1709170132
140,dudinka,69.4058,86.1778,4.68,93,100,8.99,RU,1709170145
141,kodiak,57.79,-152.4072,20.71,49,0,28.77,US,1709170145
142,island harbour,50.724,-1.2758,50.99,95,100,10.0,GB,1709170146
143,beyla,8.6833,-8.6333,76.3,67,100,4.65,GN,1709170146
144,vinh,18.6667,105.6667,68.07,86,84,2.17,VN,1709170147
145,macouria,4.9167,-52.3667,75.15,88,0,2.3,GF,1709170147
146,huilong,31.8111,121.655,46.17,98,100,6.15,CN,1709170147
147,attapeu,14.8,106.8333,78.48,62,4,2.8,LA,1709170147
148,udachny,66.4167,112.4,-14.76,100,97,4.79,RU,1709169939
149,saint-philippe,-21.3585,55.7679,74.79,82,100,10.22,RE,1709170148
150,torghay,49.6339,63.4981,5.72,94,20,2.93,KZ,1709170148
151,hasaki,35.7333,140.8333,46.8,55,100,9.55,JP,1709170148
152,mwinilunga,-11.7358,24.4293,62.53,97,92,3.2,ZM,1709170148
153,isafjordur,66.0755,-23.124,18.41,87,99,4.34,IS,1709170149
154,pingliang,35.5392,106.6861,26.42,74,100,5.12,CN,1709170149
155,talnakh,69.4865,88.3972,4.21,95,100,5.84,RU,1709170150
156,ad dabbah,18.05,30.95,65.5,19,1,10.85,SD,1709169921
157,thompson,55.7435,-97.8558,-14.64,58,0,0.0,CA,1709170150
158,rundu,-17.9333,19.7667,66.24,85,13,1.5,NA,1709170150
159,kristiansund,63.1115,7.732,41.65,60,100,5.75,NO,1709170150
160,paracatu,-17.2222,-46.8747,73.09,64,6,1.86,BR,1709170151
161,ivdel',60.6911,60.4206,27.03,80,100,5.01,RU,1709170152
162,atafu village,-8.5421,-172.5159,84.88,73,9,10.11,TK,1709170152
163,neiafu,-18.65,-173.9833,86.68,79,20,9.22,TO,1709170152
164,tura,25.5198,90.2201,61.39,45,0,2.75,IN,1709170152
165,fort mcmurray,56.7268,-111.381,11.79,40,100,16.11,CA,1709170153
166,iquitos,-3.7481,-73.2472,78.84,83,75,2.3,PE,1709170153
167,khorinsk,52.1657,109.7726,-17.86,93,27,1.3,RU,1709170153
168,hamilton,39.1834,-84.5333,33.44,62,0,11.99,US,1709170002
169,igarka,67.4667,86.5833,-6.72,97,98,5.06,RU,1709170154
170,orsa,54.5153,30.4053,37.35,84,100,11.36,BY,1709170155
171,caleta de carquin,-11.0925,-77.6267,74.32,83,100,10.67,PE,1709170155
172,puerto ayora,-0.7393,-90.3518,80.55,88,98,5.99,EC,1709170155
173,hermanus,-34.4187,19.2345,68.81,69,3,7.85,ZA,1709170156
174,bamboo flat,11.7,92.7167,81.52,70,97,7.78,IN,1709170156
175,arica,-18.475,-70.3042,72.95,73,0,3.44,CL,1709170161
176,constantia,44.1833,28.65,45.7,94,100,7.56,RO,1709170090
177,arteche,12.2645,125.4048,78.94,71,100,12.1,PH,1709170161
178,beyneu,45.3167,55.2,28.06,76,17,8.68,KZ,1709170162
179,coahuayana de hidalgo,18.7,-103.6583,75.11,82,49,4.45,MX,1709170162
180,lihue,21.9789,-159.3672,74.79,72,20,17.27,US,1709169926
181,khovd,48.0056,91.6419,0.16,84,5,0.98,MN,1709170162
182,cutral-co,-38.9469,-69.2089,73.94,18,24,5.86,AR,1709170162
183,margate,51.3813,1.3862,50.9,97,100,11.99,GB,1709170098
184,havre,49.5833,0.3333,50.4,100,100,12.66,FR,1709170163
185,labuan,5.2767,115.2417,86.36,70,20,5.75,MY,1709170163
186,whitehorse,60.7161,-135.0538,5.02,64,75,10.36,CA,1709170041
187,lucapa,-8.4192,20.7447,64.35,94,99,2.17,AO,1709170164
188,pemangkat,1.1667,108.9667,79.65,87,100,7.23,ID,1709170164
189,quellon,-43.1167,-73.6167,52.56,90,15,6.31,CL,1709170164
190,nyaunglebin,17.95,96.7333,75.16,50,1,3.02,MM,1709170119
191,guerrero negro,27.9769,-114.0611,64.26,65,0,13.62,MX,1709170165
192,ilulissat,69.2167,-51.1,8.62,66,100,10.36,GL,1709170165
193,hadibu,12.65,54.0333,77.54,72,99,3.15,YE,1709170165
194,west bay,19.3667,-81.4167,78.87,84,20,9.22,KY,1709170165
195,holualoa,19.6228,-155.9522,75.04,77,40,12.66,US,1709170054
196,kiomboi,-4.2667,34.3667,62.08,96,100,0.25,TZ,1709170166
197,esenyurt,41.0333,28.6753,43.75,87,0,9.22,TR,1709170166
198,bubaque,11.2833,-15.8333,78.44,67,15,20.22,GW,1709170166
199,cole harbour,44.6724,-63.4751,49.39,97,100,15.99,CA,1709170167
200,boda,4.3189,17.4695,76.26,55,13,2.46,CF,1709170167
201,howrah,22.5892,88.3103,69.8,78,20,0.0,IN,1709170167
202,sirte,31.2089,16.5887,59.88,74,0,11.72,LY,1709170167
203,albany,42.6001,-73.9662,42.64,89,100,15.01,US,1709170049
204,carnarvon,-24.8667,113.6333,77.41,71,0,19.17,AU,1709170168
205,fada,9.5667,8.3,79.34,42,25,1.54,NG,1709170168
206,jeju city,33.5097,126.5219,48.13,81,100,14.97,KR,1709170168
207,belyy yar,53.6039,91.3903,-5.91,84,100,2.24,RU,1709170169
208,sona,45.4388,10.8255,54.25,87,40,5.75,IT,1709170169
209,borger,52.9233,6.7931,43.79,83,66,15.03,NL,1709170169
210,iskateley,67.6803,53.1512,23.02,94,100,11.99,RU,1709170170
211,geraldton,-28.7667,114.6,77.41,65,8,17.27,AU,1709170170
212,yamada,39.4667,141.95,40.93,44,78,2.17,JP,1709170170
213,tazovsky,67.4667,78.7,9.66,97,98,0.98,RU,1709170171
214,san patricio,28.017,-97.5169,63.84,46,100,19.95,US,1709169909
215,sumbawa besar,-8.5,117.4333,84.88,69,62,3.11,ID,1709170172
216,lincoln city,44.9582,-124.0179,52.36,98,100,21.0,US,1709170172
217,at-bashi,41.1702,75.8106,9.72,84,100,2.62,KG,1709170172
218,richards bay,-28.783,32.0377,69.06,70,100,1.63,ZA,1709170173
219,chapada dos guimaraes,-15.4606,-55.7497,71.26,57,91,3.8,BR,1709170173
220,punta arenas,-53.15,-70.9167,53.71,76,75,23.02,CL,1709169989
221,hola,51.5377,23.1902,48.38,96,98,3.85,PL,1709170173
222,twon-brass,4.3151,6.2418,83.17,84,98,12.77,NG,1709170173
223,itaituba,-4.2761,-55.9836,73.98,98,98,2.77,BR,1709170174
224,adiake,5.2863,-3.304,80.17,86,100,7.36,CI,1709170174
225,cabo san lucas,22.8909,-109.9124,79.11,50,75,10.36,MX,1709170012
226,saint-pierre,-21.3393,55.4781,74.88,64,100,8.05,RE,1709170174
227,inirida,3.8653,-67.9239,83.68,56,83,3.67,CO,1709170174
228,kingston,17.997,-76.7936,81.55,79,20,6.91,JM,1709169606
229,lobujya,27.95,86.8167,5.04,16,0,4.81,NP,1709170175
230,turinsk,58.0458,63.696,21.7,88,100,8.32,RU,1709170175
231,sabi,13.2333,-14.2,81.18,15,95,6.8,GM,1709170175
232,barhi,23.9,80.8,61.59,41,0,0.92,IN,1709170176
233,deogarh,21.5333,84.7333,66.61,80,0,2.62,IN,1709170176
234,vorkuta,67.5,64.0,24.03,97,100,5.01,RU,1709170176
235,loikaw,19.6742,97.2094,68.16,38,5,1.34,MM,1709170176
236,ryazanskiy,55.7242,37.7758,30.63,90,100,8.43,RU,1709170177
237,timbuktu,16.7735,-3.0074,73.76,13,4,14.81,ML,1709170177
238,hechuan,29.9947,106.2572,48.69,72,34,3.4,CN,1709170177
239,newark,40.7357,-74.1724,61.34,81,100,21.85,US,1709169439
240,sinfra,6.6167,-5.9167,72.91,96,100,2.46,CI,1709170178
241,enewetak,11.3474,162.3373,80.62,71,70,17.67,MH,1709170180
242,angaur state,6.906,134.13,81.73,83,100,23.96,PW,1709170180
243,al qubbah,32.7616,22.2424,53.49,44,100,29.46,LY,1709170181
244,colonia,50.9333,6.95,42.89,77,0,4.61,DE,1709170181
245,bukama,-9.2,25.85,70.18,98,100,2.17,CD,1709170181
246,kourou,5.1552,-52.6478,75.25,76,100,8.99,GF,1709170181
247,vadso,70.0744,29.7487,33.96,80,100,20.71,NO,1709170181
248,tralee,52.2704,-9.7026,44.26,80,70,16.6,IE,1709170182
249,taoudenni,22.6783,-3.9836,64.0,17,100,14.14,ML,1709170182
250,leer,53.2316,7.461,43.93,86,100,3.0,DE,1709170182
251,nemuro,43.3236,145.575,19.33,60,17,20.31,JP,1709170184
252,manokwari,-0.8667,134.0833,81.7,76,88,3.44,ID,1709170184
253,wynyard,-41.0,145.7167,68.16,53,99,14.05,AU,1709170184
254,cromwell,41.5951,-72.6454,55.71,93,100,16.11,US,1709170184
255,dhari,21.3333,71.0167,71.6,36,4,5.28,IN,1709170185
256,ola,59.5833,151.2833,4.42,68,94,5.46,RU,1709170185
257,hilo,19.7297,-155.09,77.09,73,20,12.66,US,1709170185
258,nar'yan-mar,67.6713,53.087,23.11,94,100,11.99,RU,1709170185
259,lazaro cardenas,17.9583,-102.2,75.65,73,6,3.83,MX,1709170186
260,gamba,-2.65,10.0,80.01,86,100,5.53,GA,1709170186
261,las tablas,7.7667,-80.2833,76.17,99,98,19.57,PA,1709170186
262,myitkyina,25.3833,97.4,61.81,74,0,2.57,MM,1709170186
263,les cayes,18.2,-73.75,75.72,83,0,3.33,HT,1709170186
264,mejit,10.2753,170.8646,80.46,75,100,17.18,MH,1709170187
265,mersa matruh,31.3525,27.2453,60.28,78,4,13.38,EG,1709170187
266,peniche,39.3558,-9.3811,57.11,86,93,18.1,PT,1709170187
267,mermoz boabab,14.7065,-17.4758,70.36,83,94,9.22,SN,1709170188
268,chegdomyn,51.1167,133.0167,13.5,88,100,2.01,RU,1709170188
269,yuzhno-kurilsk,44.0306,145.8556,16.38,83,100,25.43,RU,1709170188
270,huarmey,-10.0681,-78.1522,74.14,83,100,9.73,PE,1709170189
271,san pedro,14.35,121.0167,85.35,69,20,13.0,PH,1709170189
272,la sarre,48.8002,-79.1996,-5.28,95,100,17.94,CA,1709170180
273,fortuna,40.5982,-124.1573,56.32,80,40,0.0,US,1709170189
274,east london,-33.0153,27.9116,67.91,71,0,18.48,ZA,1709170189
275,belokurikha,51.9959,84.9896,6.78,82,66,6.8,RU,1709170190
276,kamaishi,39.2667,141.8833,39.33,49,76,1.54,JP,1709170190
277,antonio enes,-16.2325,39.9086,75.63,95,90,10.47,MZ,1709170190
278,natal,-5.795,-35.2094,79.45,94,40,2.3,BR,1709170190
279,kristinestad,62.2743,21.376,32.09,96,100,11.43,FI,1709170178
280,new norfolk,-42.7826,147.0587,72.9,72,100,8.81,AU,1709170191
281,yangquan,37.8575,113.5633,29.35,84,100,5.99,CN,1709170191
282,itacarambi,-15.1022,-44.0919,77.83,65,73,1.95,BR,1709170191
283,amursk,50.2261,136.8994,8.98,86,92,5.95,RU,1709170191
284,margaret river,-33.95,115.0667,64.87,58,0,10.04,AU,1709169984
285,north bend,43.4065,-124.2243,55.24,87,100,11.5,US,1709170192
286,valparaiso,-33.0393,-71.6273,71.01,67,0,3.44,CL,1709170192
287,belo sur tsiribihina,-19.7,44.55,76.28,94,100,4.23,MG,1709170192
288,fort st. john,56.2499,-120.8529,10.29,67,75,4.61,CA,1709170192
289,las heras,-46.5419,-68.9359,65.03,33,2,12.68,AR,1709170193
290,iranshahr,27.2025,60.6848,60.78,79,95,5.39,IR,1709170193
291,santa cruz,-17.8,-63.1667,78.26,83,1,5.75,BO,1709170098
292,nantucket,41.2835,-70.0995,51.85,100,100,27.63,US,1709170193
293,conde,-7.2597,-34.9075,76.46,94,40,5.75,BR,1709170193
294,dorado,18.4588,-66.2677,78.69,88,12,1.01,PR,1709169955
295,thunder bay,48.4001,-89.3168,4.98,47,0,8.05,CA,1709170047
296,chimbarongo,-34.7,-71.05,77.88,38,0,2.21,CL,1709170194
297,kuala belait,4.5833,114.1833,84.36,83,100,2.35,BN,1709170194
298,novodvinsk,64.4165,40.8122,33.55,98,47,4.23,RU,1709170195
299,tolanaro,-25.0319,46.9987,77.07,94,40,9.22,MG,1709170195
300,kaka,37.3482,59.6143,34.29,52,91,4.03,TM,1709170195
301,boqueirao,-7.5,-36.1333,74.75,77,98,3.29,BR,1709170195
302,gorgoram,12.6398,10.7039,81.68,17,22,8.05,NG,1709170196
303,villa gesell,-37.2639,-56.973,71.06,80,36,17.16,AR,1709170196
304,plouguerneau,48.6,-4.5,52.45,93,100,18.41,FR,1709170196
305,kovdor,67.5662,30.4758,27.54,90,99,13.44,RU,1709170196
306,gbarnga,6.9956,-9.4722,73.54,98,100,3.18,LR,1709170196
307,al kharj,24.155,47.3346,54.18,65,0,9.26,SA,1709170197
308,hita,33.3167,130.9333,46.08,94,100,3.94,JP,1709170197
309,santa ana,33.7456,-117.8678,70.86,71,20,9.22,US,1709170019
310,lycksele,64.5954,18.6735,29.43,93,87,4.61,SE,1709170197
311,vel'sk,61.0701,42.0983,31.26,92,100,11.01,RU,1709170197
312,zemio,5.0314,25.1361,72.05,50,12,0.63,CF,1709170198
313,lake charles,30.2131,-93.2044,60.8,47,75,14.97,US,1709169904
314,zhangjiajie,29.1294,110.4783,38.82,98,100,2.95,CN,1709170198
315,hastings,50.8552,0.5729,52.12,97,100,21.72,GB,1709170178
316,chibougamau,49.9168,-74.3659,1.02,78,100,25.32,CA,1709170198
317,as sulayyil,20.4607,45.5779,62.85,25,19,12.3,SA,1709170199
318,mana,5.6592,-53.7767,78.55,75,13,9.75,GF,1709170199
319,kudahuvadhoo,2.6708,72.8944,81.84,74,100,6.85,MV,1709170199
320,fort wellington,6.4,-57.6,78.85,75,34,11.92,GY,1709170199
321,birao,10.2849,22.7882,75.94,18,10,7.65,CF,1709170199
322,yelizovo,53.1873,158.3805,23.14,73,100,15.99,RU,1709170200
323,melfi,40.9965,15.6514,56.5,78,100,11.72,IT,1709170200
324,georgetown,5.4112,100.3354,82.35,61,20,6.91,MY,1709170200
325,linden,6.0,-58.3,75.47,82,100,4.54,GY,1709170200
326,beolgyo,34.8449,127.3429,41.04,89,100,8.97,KR,1709170201
327,port douglas,-16.4833,145.4667,82.13,85,96,12.62,AU,1709170201
328,laurentides,46.4334,-74.9826,26.71,81,100,15.48,CA,1709170201
329,igoumenitsa,39.5039,20.2656,61.66,74,100,7.87,GR,1709170201
330,serhiyivka,46.0272,30.3768,41.99,87,58,7.02,UA,1709170202
331,yemva,62.59,50.8594,22.33,98,99,2.26,RU,1709170203
332,nova vicosa,-17.8919,-39.3719,78.76,86,36,10.33,BR,1709170203
333,uturoa,-16.7333,-151.4333,83.95,73,22,7.07,PF,1709170204
334,abepura,-2.6333,140.5833,85.01,74,20,4.61,ID,1709170205
335,malinyi,-8.9333,36.1333,71.69,99,100,0.45,TZ,1709170205
336,gobernador virasora,-28.05,-56.0333,69.78,97,100,4.16,AR,1709170206
337,pacocha,-17.5833,-71.3333,72.07,86,97,4.41,PE,1709170206
338,cururupu,-1.8283,-44.8683,73.38,99,100,1.9,BR,1709170206
339,nchelenge,-9.3451,28.734,67.91,95,100,7.29,ZM,1709170206
340,reggane,26.7158,0.1714,55.33,31,0,7.25,DZ,1709170207
341,selfoss,63.9331,-20.9971,18.05,66,96,7.96,IS,1709170207
342,ji'an,27.1172,114.9793,41.94,96,100,8.32,CN,1709170208
343,at taj,24.2049,23.2857,62.55,16,0,11.12,LY,1709170208
344,sultanah,24.4926,39.5857,63.05,39,0,13.8,SA,1709170208
345,trairi,-3.2778,-39.2689,76.51,89,100,2.66,BR,1709170052
346,mount gambier,-37.8333,140.7667,73.89,44,100,8.46,AU,1709170209
347,luderitz,-26.6481,15.1594,60.98,93,34,1.41,NA,1709170209
348,san vicente,-26.6167,-54.1333,69.31,99,97,0.65,AR,1709170210
349,kovalam,8.3667,76.9967,78.89,69,20,3.44,IN,1709170210
350,peterhead,57.5058,-1.7981,50.4,69,100,22.7,GB,1709170210
351,kalmunai,7.4167,81.8167,79.74,80,99,10.67,LK,1709170211
352,hede,33.7681,120.2517,39.6,94,100,19.98,CN,1709170212
353,viedma,-40.8135,-62.9967,64.2,46,11,5.75,AR,1709170212
354,montepuez,-13.1256,38.9997,69.24,98,100,7.02,MZ,1709170223
355,rafah,31.287,34.2595,58.28,41,0,9.28,PS,1709170223
356,nuku'alofa,-21.1333,-175.2,88.14,84,40,8.05,TO,1709170223
357,rio gallegos,-51.6226,-69.2181,57.25,54,0,13.8,AR,1709170224
358,lagoa,39.05,-27.9833,57.88,67,100,21.39,PT,1709170224
359,palmer,42.1584,-72.3287,53.38,84,100,19.57,US,1709170087
360,lammi,61.0833,25.0167,26.82,97,49,5.46,FI,1709170234
361,nikol'sk,53.7189,46.0712,15.48,86,100,9.04,RU,1709170235
362,weno,7.4515,151.8468,81.21,75,100,24.38,FM,1709170235
363,dolores,-36.3132,-57.6792,70.86,64,0,7.67,AR,1709170235
364,crane,31.3974,-102.3501,42.39,44,100,12.77,US,1709170235
365,mega,4.05,38.3,66.88,68,95,1.23,ET,1709170236
366,borzya,50.3833,116.5167,-5.35,92,57,7.18,RU,1709170236
367,brezina,33.0989,1.2608,40.24,66,30,19.28,DZ,1709170236
368,boromo,11.75,-2.9333,90.34,34,100,4.09,BF,1709170236
369,ilebo,-4.3167,20.5833,70.32,99,77,0.67,CD,1709170237
370,vanino,49.0869,140.2543,10.92,72,97,2.8,RU,1709170244
371,necochea,-38.5473,-58.7368,63.48,83,9,9.93,AR,1709170244
372,preobrazheniye,42.9019,133.9064,32.2,86,98,4.76,RU,1709170245
373,nadym,65.5333,72.5167,11.3,93,49,12.3,RU,1709170028
374,vilyuysk,63.7553,121.6247,-11.99,96,62,4.0,RU,1709170246
375,broken hill,-31.95,141.4333,94.93,27,81,4.76,AU,1709170246
376,kananga,-5.8958,22.4178,69.87,97,100,2.33,CD,1709170247
377,tyukhtet,56.5389,89.3011,17.01,87,100,14.88,RU,1709170248
378,acarau,-2.8856,-40.12,76.68,88,65,2.68,BR,1709170248
379,pangody,65.85,74.4859,15.13,95,96,10.87,RU,1709170249
380,winnipeg,49.8844,-97.147,0.03,71,20,1.14,CA,1709170250
381,dunedin,-45.8742,170.5036,61.81,73,27,5.01,NZ,1709170250
382,parkes,-33.1333,148.1833,101.35,25,34,1.01,AU,1709170251
383,dazhong,33.1997,120.4578,44.02,97,100,13.06,CN,1709170251
384,moab,38.5733,-109.5498,44.65,29,0,4.05,US,1709170122
385,karratha,-20.7377,116.8463,94.84,35,45,14.43,AU,1709170252
386,kavieng,-2.5744,150.7967,84.36,75,27,6.22,PG,1709170252
387,knyazhichi,50.4627,30.7837,41.9,67,100,8.43,UA,1709170252
388,portland,45.5234,-122.6762,53.62,88,100,14.97,US,1709169408
389,tharangambadi,11.0319,79.8528,77.18,77,100,8.52,IN,1709170253
390,haiku-pauwela,20.9219,-156.3051,77.25,70,20,20.71,US,1709170253
391,ad dilam,23.9915,47.1627,54.01,66,0,9.31,SA,1709170254
392,wajir,1.7471,40.0573,80.8,59,1,13.47,KE,1709170255
393,bamyan,34.75,67.25,21.94,94,100,6.02,AF,1709170255
394,paka,4.6374,103.4368,78.73,83,40,2.3,MY,1709170256
395,bonthe,7.5264,-12.505,78.44,93,87,7.18,SL,1709170256
396,nizhneudinsk,54.9076,99.0276,9.75,86,100,3.69,RU,1709170109
397,hammerfest,70.6634,23.6821,36.05,64,95,8.05,NO,1709170256
398,pisco,-13.7,-76.2167,74.01,83,20,17.27,PE,1709170257
399,kinablangan,7.6947,126.5503,79.21,88,93,10.29,PH,1709170257
400,grants,35.1473,-107.8514,44.83,12,0,4.61,US,1709170258
401,novoorsk,51.381,58.9813,20.05,82,11,4.56,RU,1709170259
402,yemetsk,63.4721,41.7941,30.4,97,100,3.67,RU,1709170259
403,rongelap,11.1635,166.8941,79.27,78,100,18.1,MH,1709170260
404,sandwip,22.4678,91.4561,68.04,57,0,6.17,BD,1709170260
405,floro,61.5996,5.0328,42.87,75,100,25.32,NO,1709170261
406,aykhal,66.0,111.5,1.51,96,100,7.49,RU,1709170262
407,pasni,25.2631,63.471,70.97,68,0,4.34,PK,1709170263
408,sao felix do xingu,-6.6447,-51.995,72.66,98,100,1.72,BR,1709170263
409,capinopolis,-18.6819,-49.5697,81.57,50,90,3.53,BR,1709170264
410,akjoujt,19.6969,-14.4164,69.96,22,66,11.27,MR,1709170265
411,nurdagi,37.1773,36.7419,35.58,60,9,1.32,TR,1709170265
412,nenjiang,49.1833,125.2167,3.51,89,100,4.68,CN,1709170265
413,chebba,35.2372,11.115,55.4,62,9,9.51,TN,1709170266
414,aksu,41.1231,80.2644,30.13,67,98,4.74,CN,1709170266
415,mezhdurechensk,53.6942,88.0603,7.84,94,100,3.58,RU,1709170266
416,sibolga,1.7427,98.7792,83.75,68,100,2.08,ID,1709170267
417,lata,40.1629,-8.3327,48.07,98,91,1.05,PT,1709170267
418,kununurra,-15.7667,128.7333,80.58,94,100,5.75,AU,1709170043
419,tual,-5.6667,132.75,83.79,75,100,8.19,ID,1709170268
420,puerto baquerizo moreno,-0.9,-89.6,78.3,80,69,10.0,EC,1709170269
421,antsiranana,-12.2787,49.2917,76.89,91,99,1.45,MG,1709170270
422,tchintabaraden,15.8969,5.7985,76.41,15,0,7.09,NE,1709170270
423,padangsidempuan,1.3667,99.2667,78.66,84,100,5.03,ID,1709170270
424,la passe,45.5549,-0.8967,50.23,95,100,7.18,FR,1709170271
425,manga,11.6636,-1.0731,85.6,12,8,2.62,BF,1709170271
426,broome,42.2506,-75.833,36.32,78,100,15.01,US,1709170272
427,santiago,-33.4569,-70.6483,78.28,51,0,10.36,CL,1709170239
428,totness,5.8833,-56.3167,79.03,76,7,11.72,SR,1709170272
429,bontang,0.1333,117.5,84.47,70,100,10.04,ID,1709170272
430,jertih,5.7336,102.4897,83.89,57,100,1.95,MY,1709170273
431,kennebunk,43.384,-70.5448,56.32,98,100,10.0,US,1709170273
432,davangere,14.4667,75.9167,71.87,43,80,6.51,IN,1709170273
433,kataba,13.9833,44.3833,60.64,69,5,1.52,YE,1709170273
434,guankou,28.15,113.6333,39.0,97,100,2.57,CN,1709170274
435,nyurba,63.2842,118.3319,-5.75,96,87,6.53,RU,1709170274
436,jinghong,21.991,100.7341,75.97,34,1,2.06,CN,1709170274
437,kokoda,-8.8785,147.7407,86.27,76,96,3.69,PG,1709170274
438,upington,-28.4478,21.2561,80.98,28,0,5.75,ZA,1709170275
439,praia da vitoria,38.7333,-27.0667,59.25,82,75,21.56,PT,1709170275
440,nguigmi,14.2495,13.1092,79.57,19,1,9.26,NE,1709170275
441,sinop,41.7711,34.8709,46.24,51,1,5.37,TR,1709170275
442,oamaru,-45.0784,170.9801,59.38,84,49,16.89,NZ,1709170276
443,sonoita,31.85,-112.8333,60.26,64,59,3.33,MX,1709170277
444,springfield,37.2153,-93.2982,35.19,47,0,3.44,US,1709169571
445,maun,-19.9833,23.4167,69.84,54,0,11.83,BW,1709170278
446,slavyanka,42.8633,131.3847,31.3,63,79,5.61,RU,1709170280
447,hami,42.8,93.45,24.42,38,0,2.1,CN,1709170281
448,borogontsy,62.6683,131.1683,-12.96,97,100,0.54,RU,1709170282
449,follonica,42.9263,10.7616,62.51,74,39,11.59,IT,1709170282
450,seminole,28.7086,-81.2081,76.24,70,75,9.22,US,1709170063
451,fairbanks,64.8378,-147.7164,-0.78,56,20,0.0,US,1709170096
452,areka,7.0667,37.7,65.1,79,100,1.9,ET,1709170282
453,bhuj,23.2667,69.6667,68.67,39,0,4.68,IN,1709170229
454,bay roberts,47.5999,-53.2648,42.26,86,100,5.01,CA,1709170285
455,kokkola,63.8385,23.1307,33.04,94,100,13.8,FI,1709170285
456,nema,57.5067,50.5011,21.0,92,100,9.62,RU,1709170286
457,gulf shores,30.246,-87.7008,68.05,62,100,13.8,US,1709170286
458,ketchikan,55.3422,-131.6461,35.58,80,40,4.61,US,1709170287
459,ramshir,30.8946,49.4092,47.95,40,31,8.34,IR,1709170288
460,kangding,30.0513,101.9603,40.06,61,69,3.04,CN,1709170289
461,san rafael,-34.6177,-68.3301,74.39,63,7,9.08,AR,1709170289
462,san antonio de pale,-1.4014,5.6325,82.45,80,91,5.91,GQ,1709170290
463,conduaga,8.862,117.4893,87.04,56,96,5.99,PH,1709170291
464,kapa'a,22.0752,-159.319,75.52,80,20,17.27,US,1709170291
465,luena,-11.7833,19.9167,61.95,95,88,1.5,AO,1709170292
466,kapuskasing,49.4169,-82.4331,-3.91,77,75,14.97,CA,1709170293
467,torbat-e heydariyeh,35.274,59.2195,26.24,59,100,8.9,IR,1709170293
468,brush,40.2589,-103.6238,44.4,35,0,8.05,US,1709170294
469,el bolson,-41.9667,-71.5167,49.84,84,0,4.14,AR,1709170294
470,barakani,-12.1356,44.4317,81.18,78,88,5.57,KM,1709170295
471,ilha de mocambique,-15.0342,40.7358,77.38,92,96,14.32,MZ,1709170296
472,alice,27.7523,-98.0697,62.51,36,100,16.11,US,1709170166
473,chulakkurgan,43.765,69.1814,23.9,79,99,4.25,KZ,1709170297
474,shihezi,44.3,86.0333,3.51,94,92,3.76,CN,1709170297
475,montmagny,48.9734,2.3469,48.96,87,100,11.5,FR,1709170298
476,rostov-na-donu,47.2364,39.7139,31.62,73,95,11.54,RU,1709170298
477,pacific grove,36.6177,-121.9166,59.7,79,0,6.91,US,1709170299
478,marsh harbour,26.5412,-77.0636,72.59,74,11,10.42,BS,1709170300
479,port macquarie,-31.4333,152.9167,85.89,61,1,13.0,AU,1709170300
480,vernon,50.2581,-119.2691,42.3,86,100,6.91,CA,1709170200
481,orchard homes,46.8633,-114.0484,44.74,63,100,4.61,US,1709170301
482,toulepleu guere,6.574,-8.4259,73.54,98,100,1.43,CI,1709170302
483,los angeles,34.0522,-118.2437,71.58,70,0,12.66,US,1709169943
484,alnashi,56.1874,52.4792,17.26,84,100,13.27,RU,1709170303
485,sidi akkacha,36.4647,1.3026,48.49,75,26,12.44,DZ,1709170304
486,kilindoni,-7.9139,39.6668,82.15,81,100,6.96,TZ,1709170304
487,villa yapacani,-17.4,-63.8333,74.93,85,54,2.55,BO,1709170305
488,dame-marie,18.5667,-74.4167,75.7,80,0,2.59,HT,1709170306
489,guiping,23.3925,110.0814,51.44,93,100,3.36,CN,1709170306
490,pathein,16.7833,94.7333,84.83,37,5,11.56,MM,1709170307
491,saint-joseph,-21.3667,55.6167,73.78,80,100,8.52,RE,1709170307
492,pervomayskoye,43.919,46.7102,31.82,89,11,8.88,RU,1709170308
493,yeed,4.55,43.0333,76.19,61,90,10.42,SO,1709170308
494,saldanha,-33.0117,17.9442,60.85,93,7,19.06,ZA,1709170309
495,freetown,8.484,-13.2299,78.55,82,13,9.06,SL,1709170309
496,inhambane,-23.865,35.3833,74.08,69,77,11.5,MZ,1709170310
497,poretskoye,55.1974,46.3291,21.29,81,100,11.65,RU,1709170311
498,kailua-kona,19.6406,-155.9956,78.76,76,40,12.66,US,1709170098
499,chepelare,41.7333,24.6833,31.39,88,100,4.76,BG,1709170311
500,bela,25.9333,81.9833,61.41,40,0,6.38,IN,1709170312
501,okha,53.5739,142.9478,2.14,86,30,10.63,RU,1709170312
502,maymana,35.9214,64.7836,24.46,97,100,2.33,AF,1709170313
503,acapulco de juarez,16.8634,-99.8901,80.42,74,20,5.75,MX,1709170313
504,tabou,4.423,-7.3528,76.39,91,93,8.46,CI,1709170314
505,arkalyk,50.2486,66.9114,3.47,74,0,4.74,KZ,1709170314
506,lauro de freitas,-12.8944,-38.3272,82.42,83,20,6.91,BR,1709170172
507,laguna,38.421,-121.4238,66.9,43,0,5.75,US,1709170314
508,jefferson city,38.5767,-92.1735,32.83,46,0,4.9,US,1709170315
509,bikenibeu village,1.3673,173.1241,89.56,74,40,11.5,KI,1709170315
510,sombrio,-29.1139,-49.6167,77.97,95,100,4.32,BR,1709170315
511,khandyga,62.6667,135.6,-18.94,97,100,1.25,RU,1709170315
512,korla,41.7597,86.1469,29.66,48,100,3.15,CN,1709170315
513,kruisfontein,-34.0033,24.7314,64.89,91,0,6.85,ZA,1709170316
514,port blair,11.6667,92.75,83.75,65,94,10.94,IN,1709170316
515,egilsstadir,65.2653,-14.3948,26.51,86,100,4.61,IS,1709170316
516,sievi,63.9,24.5,30.83,91,96,9.17,FI,1709170316
517,kayangel,8.0823,134.7173,81.28,84,100,23.78,PW,1709170317
518,puerto vilelas,-27.5141,-58.9391,76.05,92,100,10.36,AR,1709170317
519,tahe,52.3333,124.7333,6.35,73,69,7.02,CN,1709170317
520,ambon,-3.6954,128.1814,89.74,95,40,5.75,ID,1709170317
521,nikolayevsk-on-amure,53.1406,140.73,10.0,77,39,4.14,RU,1709170317
522,zwedru,6.0667,-8.1281,73.13,98,100,2.91,LR,1709170318
523,yanqul,23.5905,56.5501,65.52,80,5,3.83,OM,1709170318
524,joshua tree,34.1347,-116.3131,68.76,28,0,1.01,US,1709170318
525,boca suno,-0.7167,-77.1333,72.23,98,100,0.89,EC,1709170318
526,zubtsov,56.1753,34.5894,33.57,90,100,9.75,RU,1709170318
527,pinotepa nacional,16.3167,-98.0167,72.48,75,0,1.25,MX,1709170291
528,beaufort west,-32.3567,22.583,70.81,36,0,5.75,ZA,1709170319
529,jianshui,23.6363,102.8264,68.29,45,5,4.81,CN,1709170319
530,covington,39.0837,-84.5086,33.91,62,0,11.01,US,1709170319
531,umba,66.6871,34.3429,29.19,89,100,11.88,RU,1709170320
532,olyokminsk,60.3736,120.4264,-13.9,97,85,3.02,RU,1709170320
533,shalya,57.2471,58.7298,16.88,73,100,11.81,RU,1709170320
534,arkhangel'sk,64.5401,40.5433,33.91,86,75,6.71,RU,1709170320
535,sandnessjoen,66.0217,12.6316,37.92,95,100,16.4,NO,1709170321
536,zhangjiakou,40.81,114.8794,14.92,41,10,9.01,CN,1709170321
537,villa regina,-39.1,-67.0667,74.7,17,13,10.0,AR,1709170321
538,mildura,-34.2,142.15,86.97,31,6,9.19,AU,1709170318
539,fougamou,-1.2154,10.5838,75.13,96,98,0.92,GA,1709170321
540,okhotsk,59.3833,143.3,-0.26,76,0,13.31,RU,1709170322
541,carutapera,-1.195,-46.02,74.41,97,97,3.24,BR,1709170322
542,castillos,-34.1667,-53.8333,69.28,94,100,3.96,UY,1709170322
543,xining,36.6167,101.7667,18.54,72,100,4.12,CN,1709170323
544,vuktyl,63.8567,57.3094,27.1,98,100,4.0,RU,1709170323
545,howard springs,-12.497,131.047,89.98,82,44,7.16,AU,1709170323
546,aldan,58.6031,125.3894,-10.91,96,100,2.8,RU,1709170324
547,naze,28.3667,129.4833,67.12,87,91,16.58,JP,1709170324
548,nagqu,31.5,92.0,19.38,38,51,5.35,CN,1709170324
549,harburg,53.4667,9.9833,41.2,86,100,10.36,DE,1709170324
550,asau,46.4333,26.4,38.32,64,100,2.06,RO,1709170325
551,cedeira,43.6797,-8.0209,52.38,71,100,16.87,ES,1709170325
552,san luis de la loma,17.2706,-100.8939,74.12,80,37,2.89,MX,1709170325
553,lashkar gah,31.5938,64.3716,47.5,88,100,12.55,AF,1709170326
554,sinabang,2.4803,96.3801,82.74,77,95,2.28,ID,1709170326
555,cruzeiro do sul,-29.5128,-51.9853,78.53,91,100,2.19,BR,1709170326
556,guelmim,28.987,-10.0574,52.14,76,0,4.61,MA,1709170326
557,qaisumah,28.3112,46.1273,46.36,46,0,4.61,SA,1709170326
558,belyye vody,42.4167,69.8333,25.92,84,100,5.12,KZ,1709170327
559,torbeyevo,54.0797,43.2473,20.03,83,100,12.12,RU,1709170328
560,labytnangi,66.6572,66.4183,12.6,92,99,3.78,RU,1709170328
561,usogorsk,63.4106,48.6872,13.66,100,98,1.45,RU,1709170328
562,antalaha,-14.9003,50.2788,76.95,91,99,4.29,MG,1709170329
563,monchegorsk,67.9397,32.8739,28.35,95,100,13.42,RU,1709170329
564,coquimbo,-29.9533,-71.3436,65.93,88,40,5.75,CL,1709170252
565,rabo de peixe,37.8,-25.5833,58.51,72,75,6.91,PT,1709170330
566,lisala,2.15,21.5167,70.43,92,98,1.92,CD,1709170330
567,swakopmund,-22.6833,14.5333,63.99,86,30,7.83,NA,1709170331
568,xingtai,37.0631,114.4942,38.62,52,100,13.11,CN,1709170331
